mode,metric,mean,std,ci_95_low,ci_95_high,n_folds
cl,macro_f1,0.828840,0.004826,0.822848,0.834833,5
cl,best_val_macro_f1,0.829333,0.006867,0.820806,0.837859,5
cl,compute_proxy,627207.606205,463.242266,626632.414961,627782.797449,5
cl,n_train_instances,22974.600000,0.547723,22973.919913,22975.280087,5
cl,avg_seq_len,224.162833,0.165562,223.957261,224.368405,5
cl,accuracy,0.825118,0.004430,0.819617,0.830619,5
cl,micro_f1,0.825118,0.004430,0.819617,0.830619,5
cl,steps_to_best_val,2798.000000,0.000000,2798.000000,2798.000000,5
cl,train_time_s,1290.234807,250.985012,978.595754,1601.873860,5
cl,pred_time_s,91.494480,19.030424,67.865088,115.123873,5
cl,f1_weighted,0.825231,0.004397,0.819772,0.830690,5
cl,hard_slice_macro_f1,0.510121,0.021427,0.483516,0.536726,5
cl,efficiency_score,0.038544,,,,5
cl,data_efficiency,0.828840,,,,5
cl,n_phases,3.000000,0.000000,,,5
cl,n_removed,0.000000,0.000000,,,5
cl,is_reduction,0.000000,0.000000,,,5
