event,phase,epoch,step,loss,lr,val_macro_f1,val_micro_f1,val_f1_weighted,val_accuracy,avg_seq_len,compute_proxy
train_step,full,1,1,0.726482,4.444444444444445e-07,,,,,139.625,139.625
train_step,full,1,2,0.705842,8.88888888888889e-07,,,,,130.15625,260.3125
train_step,full,1,3,0.699766,1.3333333333333334e-06,,,,,118.73958333333333,356.21875
train_step,full,1,4,0.720827,1.777777777777778e-06,,,,,120.4921875,481.96875
train_step,full,1,5,0.702269,2.222222222222222e-06,,,,,116.65,583.25
train_step,full,1,6,0.725995,2.666666666666667e-06,,,,,117.0,702.0
train_step,full,1,7,0.674053,3.1111111111111116e-06,,,,,120.75446428571429,845.28125
train_step,full,1,8,0.755926,3.555555555555556e-06,,,,,119.20703125,953.65625
train_step,full,1,9,0.696672,4.000000000000001e-06,,,,,121.55902777777777,1094.03125
train_step,full,1,10,0.677695,4.444444444444444e-06,,,,,124.40625,1244.0625
train_step,full,1,11,0.702084,4.888888888888889e-06,,,,,124.48295454545455,1369.3125
train_step,full,1,12,0.673029,5.333333333333334e-06,,,,,124.953125,1499.4375
train_step,full,1,13,0.694826,5.777777777777778e-06,,,,,125.09134615384616,1626.1875
train_step,full,1,14,0.694585,6.222222222222223e-06,,,,,126.33928571428571,1768.75
train_step,full,1,15,0.709578,6.666666666666667e-06,,,,,126.37083333333334,1895.5625
train_step,full,1,16,0.713746,7.111111111111112e-06,,,,,126.654296875,2026.46875
train_step,full,1,17,0.667383,7.555555555555556e-06,,,,,126.92463235294117,2157.71875
train_step,full,1,18,0.680575,8.000000000000001e-06,,,,,128.61458333333334,2315.0625
train_step,full,1,19,0.710535,8.444444444444446e-06,,,,,128.00822368421052,2432.15625
train_step,full,1,20,0.707153,8.888888888888888e-06,,,,,127.4328125,2548.65625
train_step,full,1,21,0.689211,9.333333333333334e-06,,,,,128.26041666666666,2693.46875
train_step,full,1,22,0.689536,9.777777777777779e-06,,,,,128.47301136363637,2826.40625
train_step,full,1,23,0.683165,1.0222222222222223e-05,,,,,128.1616847826087,2947.71875
train_step,full,1,24,0.675957,1.0666666666666667e-05,,,,,128.1484375,3075.5625
train_step,full,1,25,0.693953,1.1111111111111113e-05,,,,,127.35625,3183.90625
train_step,full,1,26,0.711767,1.1555555555555556e-05,,,,,127.36538461538461,3311.5
train_step,full,1,27,0.68252,1.2e-05,,,,,128.54513888888889,3470.71875
train_step,full,1,28,0.683211,1.2444444444444446e-05,,,,,128.31808035714286,3592.90625
train_step,full,1,29,0.684074,1.288888888888889e-05,,,,,128.81034482758622,3735.5000000000005
train_step,full,1,30,0.667727,1.3333333333333333e-05,,,,,128.77395833333333,3863.21875
train_step,full,1,31,0.64935,1.377777777777778e-05,,,,,128.69254032258064,3989.46875
train_step,full,1,32,0.648598,1.4222222222222224e-05,,,,,128.9912109375,4127.71875
train_step,full,1,33,0.620294,1.4666666666666666e-05,,,,,129.49810606060606,4273.4375
train_step,full,1,34,0.600907,1.5111111111111112e-05,,,,,128.75919117647058,4377.8125
train_step,full,1,35,0.569107,1.555555555555556e-05,,,,,127.91785714285714,4477.125
train_step,full,1,36,0.558835,1.6000000000000003e-05,,,,,127.62413194444444,4594.46875
train_step,full,1,37,0.494674,1.6444444444444444e-05,,,,,127.95861486486487,4734.46875
train_step,full,1,38,0.437982,1.688888888888889e-05,,,,,127.53947368421052,4846.5
train_step,full,1,39,0.404023,1.7333333333333336e-05,,,,,127.93910256410257,4989.625
train_step,full,1,40,0.272604,1.7777777777777777e-05,,,,,127.871875,5114.875
train_step,full,1,41,0.278938,1.8222222222222224e-05,,,,,127.55106707317073,5229.59375
train_step,full,1,42,0.217691,1.866666666666667e-05,,,,,127.66071428571429,5361.75
train_step,full,1,43,0.231982,1.9111111111111113e-05,,,,,127.58502906976744,5486.15625
train_step,full,1,44,0.094201,1.9555555555555557e-05,,,,,127.04545454545455,5590.0
train_step,full,1,45,0.242367,2e-05,,,,,127.31805555555556,5729.3125
train_step,full,1,46,0.129371,1.9972105997210603e-05,,,,,127.14198369565217,5848.53125
train_step,full,1,47,0.06631,1.99442119944212e-05,,,,,127.54255319148936,5994.5
train_step,full,1,48,0.134206,1.9916317991631803e-05,,,,,127.68489583333333,6128.875
train_step,full,1,49,0.079961,1.98884239888424e-05,,,,,127.53571428571429,6249.25
train_step,full,1,50,0.244081,1.9860529986053002e-05,,,,,127.385,6369.25
train_step,full,1,51,0.14142,1.98326359832636e-05,,,,,127.42892156862744,6498.875
train_step,full,1,52,0.189368,1.9804741980474202e-05,,,,,127.29747596153847,6619.46875
train_step,full,1,53,0.165489,1.97768479776848e-05,,,,,127.40978773584905,6752.71875
train_step,full,1,54,0.225664,1.9748953974895398e-05,,,,,127.82407407407408,6902.5
train_step,full,1,55,0.131992,1.9721059972106e-05,,,,,127.89715909090908,7034.34375
train_step,full,1,56,0.135264,1.9693165969316597e-05,,,,,128.33872767857142,7186.968749999999
train_step,full,1,57,0.160663,1.96652719665272e-05,,,,,128.11458333333334,7302.531250000001
train_step,full,1,58,0.033122,1.9637377963737797e-05,,,,,127.98976293103448,7423.40625
train_step,full,1,59,0.100669,1.9609483960948395e-05,,,,,127.82786016949153,7541.84375
train_step,full,1,60,0.113592,1.9581589958158997e-05,,,,,127.7,7662.0
train_step,full,1,61,0.163245,1.9553695955369598e-05,,,,,127.62807377049181,7785.3125
train_step,full,1,62,0.275435,1.9525801952580196e-05,,,,,127.36895161290323,7896.875
train_step,full,1,63,0.237385,1.9497907949790798e-05,,,,,126.85416666666667,7991.8125
train_step,full,1,64,0.595705,1.9470013947001396e-05,,,,,126.81005859375,8115.84375
train_step,full,1,65,0.588731,1.9442119944211997e-05,,,,,126.64567307692307,8231.96875
train_step,full,1,66,0.215386,1.9414225941422595e-05,,,,,126.95833333333333,8379.25
train_step,full,1,67,0.262298,1.9386331938633197e-05,,,,,126.90485074626865,8502.625
train_step,full,1,68,0.088605,1.9358437935843795e-05,,,,,127.04457720588235,8639.03125
train_step,full,1,69,0.253309,1.9330543933054396e-05,,,,,127.00815217391305,8763.5625
train_step,full,1,70,0.285147,1.9302649930264994e-05,,,,,127.10223214285715,8897.15625
train_step,full,1,71,0.523534,1.9274755927475596e-05,,,,,127.3543133802817,9042.15625
train_step,full,1,72,0.270236,1.9246861924686194e-05,,,,,127.22352430555556,9160.09375
train_step,full,1,73,0.258439,1.9218967921896795e-05,,,,,126.89811643835617,9263.5625
train_step,full,1,74,0.127832,1.9191073919107393e-05,,,,,126.54096283783784,9364.03125
train_step,full,1,75,0.052116,1.916317991631799e-05,,,,,126.09458333333333,9457.09375
train_step,full,1,76,0.150424,1.9135285913528593e-05,,,,,126.19613486842105,9590.90625
train_step,full,1,77,0.174873,1.910739191073919e-05,,,,,126.41923701298701,9734.28125
train_step,full,1,78,0.157848,1.9079497907949793e-05,,,,,126.73958333333333,9885.6875
train_step,full,1,79,0.016495,1.905160390516039e-05,,,,,126.85443037974683,10021.5
train_step,full,1,80,0.076342,1.9023709902370992e-05,,,,,127.09140625,10167.3125
train_step,full,1,81,0.154395,1.899581589958159e-05,,,,,126.91975308641975,10280.5
train_step,full,1,82,0.239758,1.8967921896792192e-05,,,,,126.6794969512195,10387.71875
train_step,full,1,83,0.066817,1.894002789400279e-05,,,,,126.72515060240964,10518.1875
train_step,full,1,84,0.088945,1.891213389121339e-05,,,,,126.7734375,10648.96875
train_step,full,1,85,0.021658,1.888423988842399e-05,,,,,126.64889705882354,10765.15625
train_step,full,1,86,0.012712,1.885634588563459e-05,,,,,126.36337209302326,10867.25
train_step,full,1,87,0.115597,1.882845188284519e-05,,,,,126.28699712643679,10986.96875
train_step,full,1,88,0.007771,1.880055788005579e-05,,,,,126.55646306818181,11136.96875
train_step,full,1,89,0.181239,1.877266387726639e-05,,,,,126.59480337078652,11266.9375
train_step,full,1,90,0.207138,1.874476987447699e-05,,,,,126.58194444444445,11392.375
train_step,full,1,91,0.005988,1.871687587168759e-05,,,,,126.91449175824175,11549.21875
train_step,full,1,92,0.007036,1.868898186889819e-05,,,,,126.77445652173913,11663.25
train_step,full,1,93,0.263381,1.8661087866108788e-05,,,,,126.99563172043011,11810.59375
train_step,full,1,94,0.59075,1.863319386331939e-05,,,,,127.296875,11965.90625
train_step,full,1,95,0.160934,1.8605299860529987e-05,,,,,127.09671052631579,12074.1875
train_step,full,1,96,0.012771,1.8577405857740585e-05,,,,,127.375,12228.0
train_step,full,1,97,0.204118,1.8549511854951187e-05,,,,,127.33086340206185,12351.09375
train_step,full,1,98,0.056356,1.8521617852161785e-05,,,,,127.34566326530613,12479.875
train_step,full,1,99,0.141451,1.8493723849372386e-05,,,,,127.24210858585859,12596.96875
train_step,full,1,100,0.133742,1.8465829846582984e-05,,,,,127.188125,12718.8125
train_step,full,1,101,0.229637,1.8437935843793586e-05,,,,,127.38768564356435,12866.15625
train_step,full,1,102,0.323557,1.8410041841004184e-05,,,,,127.26378676470588,12980.90625
train_step,full,1,103,0.126602,1.8382147838214785e-05,,,,,127.17718446601941,13099.25
train_step,full,1,104,0.192084,1.8354253835425383e-05,,,,,127.12920673076923,13221.4375
train_step,full,1,105,0.150039,1.8326359832635985e-05,,,,,127.07380952380953,13342.75
train_step,full,1,106,0.117369,1.8298465829846583e-05,,,,,127.00235849056604,13462.25
train_step,full,1,107,0.079586,1.8270571827057184e-05,,,,,127.02686915887851,13591.875
train_step,full,1,108,0.188719,1.8242677824267786e-05,,,,,126.79427083333333,13693.78125
train_step,full,1,109,0.242615,1.8214783821478384e-05,,,,,126.7319380733945,13813.78125
train_step,full,1,110,0.092838,1.8186889818688986e-05,,,,,126.87954545454545,13956.75
train_step,full,1,111,0.032615,1.8158995815899584e-05,,,,,127.0518018018018,14102.75
train_step,full,1,112,0.344914,1.8131101813110185e-05,,,,,126.84207589285714,14206.3125
train_step,full,1,113,0.316052,1.8103207810320783e-05,,,,,126.94551991150442,14344.84375
train_step,full,1,114,0.245275,1.807531380753138e-05,,,,,126.93996710526316,14471.15625
train_step,full,1,115,0.09759,1.8047419804741983e-05,,,,,127.02201086956522,14607.53125
train_step,full,1,116,0.360202,1.801952580195258e-05,,,,,127.24057112068965,14759.90625
train_step,full,1,117,0.027562,1.7991631799163182e-05,,,,,127.23103632478633,14886.03125
train_step,full,1,118,0.028945,1.796373779637378e-05,,,,,127.39909957627118,15033.09375
train_step,full,1,119,0.110902,1.793584379358438e-05,,,,,127.37920168067227,15158.125
train_step,full,1,120,0.044539,1.790794979079498e-05,,,,,127.3453125,15281.4375
train_step,full,1,121,0.050691,1.7880055788005578e-05,,,,,127.20377066115702,15391.65625
train_step,full,1,122,0.123445,1.785216178521618e-05,,,,,127.24667008196721,15524.09375
train_step,full,1,123,0.032543,1.782426778242678e-05,,,,,127.20299796747967,15645.96875
train_step,full,1,124,0.116646,1.779637377963738e-05,,,,,127.28603830645162,15783.46875
train_step,full,1,125,0.13537,1.776847977684798e-05,,,,,127.2755,15909.4375
train_step,full,1,126,0.008432,1.774058577405858e-05,,,,,127.17881944444444,16024.53125
train_step,full,1,127,0.027899,1.771269177126918e-05,,,,,127.2079012345679,16155.403456790124
epoch_end,full,1,127,0.319413,1.771269177126918e-05,0.9711098271034269,0.9711111111111111,0.9711098271034267,0.9711111111111111,127.2079012345679,16155.403456790124
train_step,full,2,128,0.086331,1.7684797768479778e-05,,,,,127.22929936305732,16285.350318471337
train_step,full,2,129,0.144275,1.765690376569038e-05,,,,,127.37287311618863,16431.100631988334
train_step,full,2,130,0.13762,1.7629009762900978e-05,,,,,127.51061263868789,16576.379643029424
train_step,full,2,131,0.18981,1.760111576011158e-05,,,,,127.50215414073719,16702.78219243657
train_step,full,2,132,0.151111,1.7573221757322177e-05,,,,,127.48646080760095,16828.212826603325
train_step,full,2,133,0.156632,1.754532775453278e-05,,,,,127.36940122583687,16940.130363036304
train_step,full,2,134,0.00852,1.7517433751743377e-05,,,,,127.26696303228826,17053.773046326627
train_step,full,2,135,0.007788,1.7489539748953975e-05,,,,,127.49047840222944,17211.214584300975
train_step,full,2,136,0.11629,1.7461645746164576e-05,,,,,127.47049331489166,17335.987090825263
train_step,full,2,137,0.005535,1.7433751743375174e-05,,,,,127.53295194508009,17472.014416475973
train_step,full,2,138,0.15478,1.7405857740585776e-05,,,,,127.71172194457066,17624.21762835075
train_step,full,2,139,0.007815,1.7377963737796374e-05,,,,,127.75259359494812,17757.610509697788
train_step,full,2,140,0.009394,1.7350069735006975e-05,,,,,127.73734885803852,17883.228840125394
train_step,full,2,141,0.007323,1.7322175732217574e-05,,,,,127.70297910182303,18006.120053357048
train_step,full,2,142,0.005625,1.7294281729428175e-05,,,,,127.5205298013245,18107.91523178808
train_step,full,2,143,0.005003,1.7266387726638773e-05,,,,,127.46076282332311,18226.889083735205
train_step,full,2,144,0.004263,1.7238493723849375e-05,,,,,127.53526338702656,18365.077927731825
train_step,full,2,145,0.003741,1.7210599721059973e-05,,,,,127.52053610030264,18490.47773454388
train_step,full,2,146,0.003779,1.7182705718270574e-05,,,,,127.63546586517819,18634.778016316017
train_step,full,2,147,0.003767,1.7154811715481172e-05,,,,,127.58869936034115,18755.53880597015
train_step,full,2,148,0.118782,1.7126917712691774e-05,,,,,127.59339263024142,18883.82210927573
train_step,full,2,149,0.158362,1.7099023709902372e-05,,,,,127.6426167437947,19018.74989482541
train_step,full,2,150,0.002708,1.7071129707112973e-05,,,,,127.75804429586293,19163.70664437944
train_step,full,2,151,0.153207,1.704323570432357e-05,,,,,127.8659194686592,19307.753839767538
train_step,full,2,152,0.114728,1.7015341701534173e-05,,,,,127.78659793814433,19423.562886597938
train_step,full,2,153,0.002516,1.698744769874477e-05,,,,,127.70012290045064,19538.118803768946
train_step,full,2,154,0.00217,1.6959553695955372e-05,,,,,127.71632071632072,19668.313390313393
train_step,full,2,155,0.19102,1.693165969316597e-05,,,,,127.78285483218762,19806.34249898908
train_step,full,2,156,0.004392,1.690376569037657e-05,,,,,127.78003214142225,19933.68501406187
train_step,full,2,157,0.01598,1.687587168758717e-05,,,,,127.80898203592814,20066.010179640718
train_step,full,2,158,0.00587,1.6847977684797768e-05,,,,,127.75307417691393,20184.9857199524
train_step,full,2,159,0.001983,1.682008368200837e-05,,,,,127.83188805675995,20325.270201024832
train_step,full,2,160,0.065018,1.6792189679218968e-05,,,,,127.78417547982765,20445.468076772424
train_step,full,2,161,0.151301,1.676429567642957e-05,,,,,127.65395095367847,20552.286103542236
train_step,full,2,162,0.001722,1.6736401673640167e-05,,,,,127.59013539651838,20669.601934235976
train_step,full,2,163,0.001649,1.670850767085077e-05,,,,,127.65128796616686,20807.159938485198
train_step,full,2,164,0.003426,1.6680613668061367e-05,,,,,127.81161635460451,20961.10508215514
train_step,full,2,165,0.137819,1.6652719665271968e-05,,,,,127.75408279529054,21079.42366122294
train_step,full,2,166,0.001637,1.6624825662482566e-05,,,,,127.60607776519441,21182.608909022274
train_step,full,2,167,0.005976,1.6596931659693168e-05,,,,,127.62363977485929,21313.1478424015
train_step,full,2,168,0.133631,1.656903765690377e-05,,,,,127.61320402834764,21439.018276762403
train_step,full,2,169,0.001674,1.6541143654114367e-05,,,,,127.54542083796811,21555.17612161661
train_step,full,2,170,0.001435,1.651324965132497e-05,,,,,127.3829708809436,21655.105049760412
train_step,full,2,171,0.007662,1.6485355648535567e-05,,,,,127.39831440087944,21785.111762550383
train_step,full,2,172,0.020773,1.645746164574617e-05,,,,,127.53752276867031,21936.453916211292
train_step,full,2,173,0.000988,1.6429567642956766e-05,,,,,127.46559217674755,22051.547446577326
train_step,full,2,174,0.197212,1.6401673640167365e-05,,,,,127.46957148001441,22179.70543752251
train_step,full,2,175,0.102006,1.6373779637377966e-05,,,,,127.41872538489079,22298.27694235589
train_step,full,2,176,0.001223,1.6345885634588564e-05,,,,,127.41598433606265,22425.213243147027
train_step,full,2,177,0.292154,1.6317991631799162e-05,,,,,127.37504424778761,22545.38283185841
train_step,full,2,178,0.004046,1.6290097629009764e-05,,,,,127.48785638859556,22692.83843717001
train_step,full,2,179,0.261907,1.6262203626220362e-05,,,,,127.52782639131956,22827.480924046202
train_step,full,2,180,0.047774,1.6234309623430963e-05,,,,,127.55951966585451,22960.713539853812
train_step,full,2,181,0.018403,1.620641562064156e-05,,,,,127.48026998961578,23073.928868120456
train_step,full,2,182,0.001482,1.6178521617852163e-05,,,,,127.47177280550774,23199.86265060241
train_step,full,2,183,0.11584,1.6150627615062764e-05,,,,,127.40705237932215,23315.490585415955
train_step,full,2,184,0.001955,1.6122733612273362e-05,,,,,127.45522642151856,23451.761661559416
train_step,full,2,185,0.001161,1.6094839609483964e-05,,,,,127.37825939722316,23564.977988486284
train_step,full,2,186,0.232915,1.6066945606694562e-05,,,,,127.32721455035366,23682.86190636578
train_step,full,2,187,0.331174,1.6039051603905163e-05,,,,,127.42177554438861,23827.87202680067
train_step,full,2,188,0.001821,1.601115760111576e-05,,,,,127.47884038653783,23966.02199266911
train_step,full,2,189,0.171429,1.5983263598326363e-05,,,,,127.39874047066623,24078.361948955917
train_step,full,2,190,0.149402,1.595536959553696e-05,,,,,127.46373227827233,24218.109132871745
train_step,full,2,191,0.001368,1.5927475592747562e-05,,,,,127.39816333224007,24333.049196457854
train_step,full,2,192,0.037898,1.589958158995816e-05,,,,,127.46933115823818,24474.11158238173
train_step,full,2,193,0.002149,1.5871687587168762e-05,,,,,127.51914962674456,24611.1958779617
train_step,full,2,194,0.010552,1.584379358437936e-05,,,,,127.47723603487246,24730.583790765257
train_step,full,2,195,0.029533,1.5815899581589958e-05,,,,,127.49068422743335,24860.683424349503
train_step,full,2,196,0.192224,1.578800557880056e-05,,,,,127.47571108980505,24985.239373601788
train_step,full,2,197,0.002676,1.5760111576011158e-05,,,,,127.45675675675676,25108.98108108108
train_step,full,2,198,0.170348,1.573221757322176e-05,,,,,127.46077190762416,25237.232837709584
train_step,full,2,199,0.011506,1.5704323570432357e-05,,,,,127.44885111740636,25362.321372363866
train_step,full,2,200,0.005103,1.567642956764296e-05,,,,,127.3493579705606,25469.87159411212
train_step,full,2,201,0.243092,1.5648535564853557e-05,,,,,127.34870676223123,25597.090059208476
train_step,full,2,202,0.230864,1.5620641562064158e-05,,,,,127.37147286821705,25729.037519379846
train_step,full,2,203,0.002894,1.5592747559274756e-05,,,,,127.36315951866708,25854.721382289415
train_step,full,2,204,0.003409,1.5564853556485358e-05,,,,,127.40881178999079,25991.397605158123
train_step,full,2,205,0.003088,1.5536959553695956e-05,,,,,127.36510846318362,26109.847234952642
train_step,full,2,206,0.00508,1.5509065550906557e-05,,,,,127.3466099118273,26233.401641836423
train_step,full,2,207,0.002411,1.5481171548117155e-05,,,,,127.35733736762481,26362.968835098334
train_step,full,2,208,0.013408,1.5453277545327757e-05,,,,,127.20114423366456,26457.83800060223
train_step,full,2,209,0.003667,1.5425383542538355e-05,,,,,127.21546299071022,26588.031765058437
train_step,full,2,210,0.003088,1.5397489539748957e-05,,,,,127.12332239785268,26695.89770354906
train_step,full,2,211,0.124417,1.5369595536959555e-05,,,,,127.11962006530128,26822.23983377857
train_step,full,2,212,0.002387,1.5341701534170156e-05,,,,,127.06129985228951,26936.995568685375
train_step,full,2,213,0.002373,1.5313807531380754e-05,,,,,127.19082622758012,27091.645986474567
train_step,full,2,214,0.002415,1.5285913528591356e-05,,,,,127.1457418788411,27209.188762071994
train_step,full,2,215,0.002959,1.5258019525801955e-05,,,,,127.07864841246723,27321.909408680454
train_step,full,2,216,0.003543,1.5230125523012553e-05,,,,,127.14163525659612,27462.59321542476
train_step,full,2,217,0.002264,1.5202231520223153e-05,,,,,127.07806637806638,27575.940404040404
train_step,full,2,218,0.028731,1.5174337517433753e-05,,,,,127.23082447572537,27736.31973570813
train_step,full,2,219,0.002011,1.5146443514644353e-05,,,,,127.43523019731198,27908.315413211323
train_step,full,2,220,0.194587,1.5118549511854953e-05,,,,,127.51836037574722,28054.039282664387
train_step,full,2,221,0.002512,1.5090655509065552e-05,,,,,127.63573250212525,28207.49688296968
train_step,full,2,222,0.173933,1.506276150627615e-05,,,,,127.54344146685473,28314.64400564175
train_step,full,2,223,0.002055,1.5034867503486752e-05,,,,,127.4452401010952,28420.28854254423
train_step,full,2,224,0.002011,1.500697350069735e-05,,,,,127.43961420184512,28546.473581213308
train_step,full,2,225,0.061131,1.4979079497907951e-05,,,,,127.37225160033398,28658.756610075146
train_step,full,2,226,0.187281,1.495118549511855e-05,,,,,127.38764200609587,28789.60709337767
train_step,full,2,227,0.024029,1.4923291492329151e-05,,,,,127.34344827586207,28906.96275862069
train_step,full,2,228,0.187837,1.4895397489539749e-05,,,,,127.25075528700906,29013.172205438066
train_step,full,2,229,0.173952,1.486750348675035e-05,,,,,127.20877768662838,29130.810090237897
train_step,full,2,230,0.174227,1.483960948396095e-05,,,,,127.29975496869045,29278.943642798804
train_step,full,2,231,0.002521,1.4811715481171548e-05,,,,,127.25792897804283,29396.581593927895
train_step,full,2,232,0.177932,1.478382147838215e-05,,,,,127.18367071524966,29506.61160593792
train_step,full,2,233,0.147245,1.4755927475592748e-05,,,,,127.17266863746305,29631.23179252889
train_step,full,2,234,0.016382,1.472803347280335e-05,,,,,127.15573989831415,29754.44313620551
train_step,full,2,235,0.00446,1.4700139470013948e-05,,,,,127.18824940047962,29889.238609112712
train_step,full,2,236,0.005055,1.4672245467224549e-05,,,,,127.19249137702309,30017.427964977447
train_step,full,2,237,0.005777,1.4644351464435147e-05,,,,,127.18467635402907,30142.768295904887
train_step,full,2,238,0.004811,1.4616457461645747e-05,,,,,127.2242830833991,30279.379373848988
train_step,full,2,239,0.194422,1.4588563458856347e-05,,,,,127.28019386953105,30419.96633481792
train_step,full,2,240,0.012607,1.4560669456066946e-05,,,,,127.14140360031307,30513.936864075138
train_step,full,2,241,0.005063,1.4532775453277546e-05,,,,,127.10301376981035,30631.826318524294
train_step,full,2,242,0.008588,1.4504881450488146e-05,,,,,127.08939197930142,30755.632858990946
train_step,full,2,243,0.005413,1.4476987447698744e-05,,,,,127.10834836382375,30887.32865240917
train_step,full,2,244,0.118215,1.4449093444909346e-05,,,,,127.08737490377213,31009.3194765204
train_step,full,2,245,0.057692,1.4421199442119947e-05,,,,,127.12254025044723,31145.02236135957
train_step,full,2,246,0.003861,1.4393305439330545e-05,,,,,127.10855179434971,31268.703741410027
train_step,full,2,247,0.166672,1.4365411436541145e-05,,,,,127.09632446134347,31392.79214195184
train_step,full,2,248,0.004254,1.4337517433751745e-05,,,,,127.10376167634436,31521.732895733403
train_step,full,2,249,0.005379,1.4309623430962344e-05,,,,,127.08649735981896,31644.53784259492
train_step,full,2,250,0.189275,1.4281729428172944e-05,,,,,127.15539694465315,31788.84923616329
train_step,full,2,251,0.178148,1.4253835425383544e-05,,,,,127.08954851583937,31899.476677475683
train_step,full,2,252,0.122436,1.4225941422594142e-05,,,,,127.092049689441,32027.19652173913
train_step,full,2,253,0.004964,1.4198047419804744e-05,,,,,127.12534026231131,32162.71108636476
train_step,full,2,254,0.003698,1.4170153417015342e-05,,,,,127.2079012345679,32310.806913580247
epoch_end,full,2,254,0.064737,1.4170153417015342e-05,0.9733285917496444,0.9733333333333334,0.9733285917496445,0.9733333333333334,127.2079012345679,32310.806913580247
train_step,full,3,255,0.005148,1.4142259414225943e-05,,,,,127.09038366945401,32408.047835710775
train_step,full,3,256,0.004667,1.4114365411436541e-05,,,,,127.10864772170504,32539.81381675649
train_step,full,3,257,0.124391,1.4086471408647143e-05,,,,,127.0732064421669,32657.814055636896
train_step,full,3,258,0.0055,1.405857740585774e-05,,,,,127.10707340787555,32793.62493923189
train_step,full,3,259,0.005016,1.4030683403068342e-05,,,,,127.04515738498789,32904.69576271186
train_step,full,3,260,0.008056,1.4002789400278942e-05,,,,,127.03268210323203,33028.497346840326
train_step,full,3,261,0.003838,1.397489539748954e-05,,,,,127.02666987025468,33153.96083613647
train_step,full,3,262,0.082965,1.3947001394700142e-05,,,,,127.03434657730972,33282.99880325515
train_step,full,3,263,0.003586,1.391910739191074e-05,,,,,126.99618502622795,33399.99666189795
train_step,full,3,264,0.003782,1.3891213389121341e-05,,,,,127.08800475059383,33551.23325415677
train_step,full,3,265,0.003313,1.386331938633194e-05,,,,,127.18942262186465,33705.19699479413
train_step,full,3,266,0.002052,1.383542538354254e-05,,,,,127.11739745403112,33813.22772277228
train_step,full,3,267,0.002087,1.3807531380753139e-05,,,,,127.01737905119775,33913.6402066698
train_step,full,3,268,0.002238,1.3779637377963739e-05,,,,,126.98865231633131,34032.95882077679
train_step,full,3,269,0.002053,1.3751743375174338e-05,,,,,126.93310023310023,34145.003962703966
train_step,full,3,270,0.00184,1.3723849372384938e-05,,,,,126.96586158848119,34280.78262888992
train_step,full,3,271,0.14609,1.3695955369595538e-05,,,,,127.01191577973161,34420.229176307264
train_step,full,3,272,0.082833,1.3668061366806138e-05,,,,,127.00161364684186,34544.43891194099
train_step,full,3,273,0.204851,1.3640167364016736e-05,,,,,127.11598530087277,34702.663987138265
train_step,full,3,274,0.001687,1.3612273361227337e-05,,,,,127.04508009153318,34810.35194508009
train_step,full,3,275,0.001907,1.3584379358437939e-05,,,,,127.11707706338349,34957.19619243046
train_step,full,3,276,0.002731,1.3556485355648537e-05,,,,,127.11290322580645,35083.16129032258
train_step,full,3,277,0.128019,1.3528591352859137e-05,,,,,127.15312358533274,35221.415233137166
train_step,full,3,278,0.003223,1.3500697350069736e-05,,,,,127.14242219215156,35345.59336941813
train_step,full,3,279,0.193873,1.3472803347280336e-05,,,,,127.12112359550562,35466.793483146066
train_step,full,3,280,0.002395,1.3444909344490936e-05,,,,,127.1128526645768,35591.59874608151
train_step,full,3,281,0.002474,1.3417015341701536e-05,,,,,127.09928603302097,35714.899375278896
train_step,full,3,282,0.022364,1.3389121338912134e-05,,,,,127.14828812805692,35855.81725211205
train_step,full,3,283,0.002333,1.3361227336122735e-05,,,,,127.16282676118742,35987.07997341604
train_step,full,3,284,0.002439,1.3333333333333333e-05,,,,,127.1271523178808,36104.11125827815
train_step,full,3,285,0.002586,1.3305439330543935e-05,,,,,127.13330400351958,36232.99164100308
train_step,full,3,286,0.001952,1.3277545327754533e-05,,,,,127.10697062691801,36352.593599298554
train_step,full,3,287,0.010248,1.3249651324965134e-05,,,,,127.05395369156837,36464.48470948012
train_step,full,3,288,0.002106,1.3221757322175732e-05,,,,,127.07956029603831,36598.91336525903
train_step,full,3,289,0.001827,1.3193863319386332e-05,,,,,127.1263557483731,36739.51681127983
train_step,full,3,290,0.001937,1.3165969316596934e-05,,,,,127.06301340250756,36848.27388672719
train_step,full,3,291,0.002517,1.3138075313807532e-05,,,,,127.07938388625593,36980.10071090047
train_step,full,3,292,0.001575,1.3110181311018133e-05,,,,,127.11238729068269,37116.81708887935
train_step,full,3,293,0.00248,1.3082287308228731e-05,,,,,127.10836542575952,37242.75106974754
train_step,full,3,294,0.018764,1.3054393305439333e-05,,,,,127.0685501066098,37358.153731343285
train_step,full,3,295,0.001568,1.3026499302649931e-05,,,,,127.02496812579686,37472.365597110074
train_step,full,3,296,0.045819,1.2998605299860532e-05,,,,,127.00698856416773,37594.068614993645
train_step,full,3,297,0.086634,1.297071129707113e-05,,,,,127.04516673701984,37732.41452089489
train_step,full,3,298,0.001477,1.294281729428173e-05,,,,,127.06594446781658,37865.65145140934
train_step,full,3,299,0.00136,1.291492329149233e-05,,,,,127.10765199161426,38005.18794549267
train_step,full,3,300,0.001147,1.288702928870293e-05,,,,,127.11157542833264,38133.472628499796
train_step,full,3,301,0.001859,1.285913528591353e-05,,,,,127.12140774677218,38263.54373177842
train_step,full,3,302,0.001327,1.283124128312413e-05,,,,,127.093399750934,38382.20672478207
train_step,full,3,303,0.001268,1.2803347280334727e-05,,,,,127.17997517583781,38535.53247827886
train_step,full,3,304,0.001683,1.2775453277545329e-05,,,,,127.11298969072165,38642.34886597938
train_step,full,3,305,0.002983,1.274755927475593e-05,,,,,127.102445540485,38766.24588984792
train_step,full,3,306,0.001234,1.2719665271966528e-05,,,,,127.11388775092175,38896.84965178205
train_step,full,3,307,0.001101,1.2691771269177128e-05,,,,,127.12372396896693,39026.98325847285
train_step,full,3,308,0.00167,1.2663877266387728e-05,,,,,127.14784289784289,39161.53561253561
train_step,full,3,309,0.003025,1.2635983263598328e-05,,,,,127.14107505070994,39286.59219066937
train_step,full,3,310,0.001103,1.2608089260808928e-05,,,,,127.12434290335625,39408.546300040434
train_step,full,3,311,0.001,1.2580195258019527e-05,,,,,127.20213623538896,39559.86436920597
train_step,full,3,312,0.001284,1.2552301255230125e-05,,,,,127.16181197267979,39674.48533547609
train_step,full,3,313,0.00106,1.2524407252440727e-05,,,,,127.16499799759711,39802.644373247895
train_step,full,3,314,0.000995,1.2496513249651325e-05,,,,,127.1305389221557,39918.98922155689
train_step,full,3,315,0.000926,1.2468619246861926e-05,,,,,127.0341225626741,40015.74860724234
train_step,full,3,316,0.133642,1.2440725244072524e-05,,,,,126.95001983339944,40116.206267354224
train_step,full,3,317,0.008444,1.2412831241283126e-05,,,,,126.94375247133254,40241.169533412416
train_step,full,3,318,0.001037,1.2384937238493724e-05,,,,,126.89485612928655,40352.56424911312
train_step,full,3,319,0.001211,1.2357043235704324e-05,,,,,126.86866404715127,40471.103831041255
train_step,full,3,320,0.002826,1.2329149232914925e-05,,,,,126.88787700744223,40604.12064238152
train_step,full,3,321,0.001656,1.2301255230125523e-05,,,,,126.84068723155018,40715.86060132761
train_step,full,3,322,0.000791,1.2273361227336125e-05,,,,,126.91095757103932,40865.328337874664
train_step,full,3,323,0.000786,1.2245467224546723e-05,,,,,126.95974000776096,41007.99602250679
train_step,full,3,324,0.211959,1.2217573221757324e-05,,,,,126.90831721470019,41118.29477756286
train_step,full,3,325,0.001024,1.2189679218967922e-05,,,,,126.89760894716545,41241.72290782877
train_step,full,3,326,0.001184,1.2161785216178524e-05,,,,,126.87206843521723,41360.29430988082
train_step,full,3,327,0.001045,1.2133891213389122e-05,,,,,126.87725182062093,41488.861345343044
train_step,full,3,328,0.00103,1.2105997210599722e-05,,,,,126.89329384791746,41621.00038211693
train_step,full,3,329,0.001903,1.2078103207810322e-05,,,,,126.84552380952381,41732.17733333333
train_step,full,3,330,0.236274,1.2050209205020921e-05,,,,,126.8350740600076,41855.574439802505
train_step,full,3,331,0.001412,1.2022315202231521e-05,,,,,126.80973116243847,41974.02101476713
train_step,full,3,332,0.001286,1.1994421199442121e-05,,,,,126.80483201208003,42099.20422801057
train_step,full,3,333,0.001581,1.1966527196652719e-05,,,,,126.75564546480993,42209.629939781706
train_step,full,3,334,0.00127,1.193863319386332e-05,,,,,126.70703564727955,42320.14990619137
train_step,full,3,335,0.002528,1.1910739191073922e-05,,,,,126.74448185559297,42459.40142162365
train_step,full,3,336,0.20346,1.188284518828452e-05,,,,,126.7881387541962,42600.814621409925
train_step,full,3,337,0.018979,1.185495118549512e-05,,,,,126.82837486054295,42741.162328002974
train_step,full,3,338,0.001617,1.182705718270572e-05,,,,,126.85650723025584,42877.49944382648
train_step,full,3,339,0.001346,1.179916317991632e-05,,,,,126.8586876155268,43005.09510166359
train_step,full,3,340,0.002018,1.1771269177126917e-05,,,,,126.90803538518246,43148.73203096203
train_step,full,3,341,0.002945,1.1743375174337519e-05,,,,,126.92548695332599,43281.591051084164
train_step,full,3,342,0.13077,1.1715481171548117e-05,,,,,126.94860754855259,43416.423781604986
train_step,full,3,343,0.002272,1.1687587168758718e-05,,,,,127.0009134088418,43561.31329923274
train_step,full,3,344,0.002808,1.1659693165969317e-05,,,,,127.02677595628415,43697.21092896175
train_step,full,3,345,0.001429,1.1631799163179918e-05,,,,,127.03786778060298,43828.064384308025
train_step,full,3,346,0.001547,1.1603905160390516e-05,,,,,126.99746468670772,43941.12278160087
train_step,full,3,347,0.00151,1.1576011157601118e-05,,,,,127.00063199711087,44069.21930299747
train_step,full,3,348,0.001333,1.1548117154811716e-05,,,,,127.00711199135758,44198.47497299244
train_step,full,3,349,0.001236,1.1520223152022315e-05,,,,,126.98842010771993,44318.95861759425
train_step,full,3,350,0.001141,1.1492329149232915e-05,,,,,127.02461510920158,44458.61528822055
train_step,full,3,351,0.001038,1.1464435146443515e-05,,,,,127.08148875401642,44605.602552659766
train_step,full,3,352,0.001191,1.1436541143654116e-05,,,,,127.11632253470987,44744.94553221787
train_step,full,3,353,0.001309,1.1408647140864715e-05,,,,,127.11492722754704,44871.56931132411
train_step,full,3,354,0.001204,1.1380753138075316e-05,,,,,127.10115044247787,44993.80725663717
train_step,full,3,355,0.001131,1.1352859135285914e-05,,,,,127.13192728556301,45131.834186374865
train_step,full,3,356,0.213844,1.1324965132496516e-05,,,,,127.14950721576909,45265.2245688138
train_step,full,3,357,0.000957,1.1297071129707114e-05,,,,,127.12565812565812,45383.85995085995
train_step,full,3,358,0.001021,1.1269177126917713e-05,,,,,127.09100455022751,45498.579628981446
train_step,full,3,359,0.000871,1.1241283124128313e-05,,,,,127.11457242582897,45634.1315008726
train_step,full,3,360,0.000972,1.1213389121338913e-05,,,,,127.0741385311521,45746.68987121476
train_step,full,3,361,0.000976,1.1185495118549513e-05,,,,,127.05544949670254,45867.01726830962
train_step,full,3,362,0.000998,1.1157601115760113e-05,,,,,127.04672897196262,45990.91588785047
train_step,full,3,363,0.001909,1.112970711297071e-05,,,,,127.04970659302727,46119.043493268895
train_step,full,3,364,0.099926,1.1101813110181312e-05,,,,,127.05490533562823,46247.98554216868
train_step,full,3,365,0.000922,1.107391910739191e-05,,,,,127.16306213525576,46414.51767936835
train_step,full,3,366,0.022567,1.1046025104602512e-05,,,,,127.11460116398494,46523.94402601849
train_step,full,3,367,0.00073,1.1018131101813111e-05,,,,,127.04762717651076,46626.47917377945
train_step,full,3,368,0.001045,1.0990237099023711e-05,,,,,127.00723527408921,46738.66258086483
train_step,full,3,369,0.000786,1.0962343096234311e-05,,,,,127.03242784380305,46874.965874363326
train_step,full,3,370,0.006354,1.0934449093444909e-05,,,,,127.07246867592279,47016.81341009143
train_step,full,3,371,0.000892,1.090655509065551e-05,,,,,127.11752786220872,47160.602836879436
train_step,full,3,372,0.000919,1.0878661087866109e-05,,,,,127.17842707982486,47310.37487369485
train_step,full,3,373,0.000753,1.085076708507671e-05,,,,,127.1735807860262,47435.74563318778
train_step,full,3,374,0.000754,1.0822873082287308e-05,,,,,127.18450586264656,47567.00519262981
train_step,full,3,375,0.000746,1.079497907949791e-05,,,,,127.17398930838624,47690.24599064484
train_step,full,3,376,0.034718,1.0767085076708508e-05,,,,,127.16202932355881,47812.923025658114
train_step,full,3,377,0.000832,1.073919107391911e-05,,,,,127.17289797274842,47944.182535726155
train_step,full,3,378,0.000643,1.0711297071129707e-05,,,,,127.14542591978787,48060.97099767981
train_step,full,3,379,0.000728,1.0683403068340307e-05,,,,,127.18694214876034,48203.85107438017
train_step,full,3,380,0.000629,1.0655509065550907e-05,,,,,127.23046488625124,48347.57665677547
train_step,full,3,381,0.000603,1.0627615062761507e-05,,,,,127.2079012345679,48466.21037037037
epoch_end,full,3,381,0.020894,1.0627615062761507e-05,0.9822208174473044,0.9822222222222222,0.9822208174473044,0.9822222222222222,127.2079012345679,48466.21037037037
train_step,full,4,382,0.000712,1.0599721059972108e-05,,,,,127.23181743556066,48602.55426038417
train_step,full,4,383,0.000634,1.0571827057182706e-05,,,,,127.20951367283445,48721.24373669559
train_step,full,4,384,0.046977,1.0543933054393308e-05,,,,,127.21125265392782,48849.12101910828
train_step,full,4,385,0.000599,1.0516039051603906e-05,,,,,127.24816745398273,48990.54446978335
train_step,full,4,386,0.000633,1.0488145048814507e-05,,,,,127.21933387489845,49106.662875710805
train_step,full,4,387,0.000657,1.0460251046025105e-05,,,,,127.17784799870361,49217.8271754983
train_step,full,4,388,0.000587,1.0432357043235705e-05,,,,,127.15629545821885,49336.642637788915
train_step,full,4,389,0.000573,1.0404463040446305e-05,,,,,127.1375141060777,49456.492987264224
train_step,full,4,390,0.000736,1.0376569037656905e-05,,,,,127.1150506512301,49574.86975397974
train_step,full,4,391,0.000568,1.0348675034867503e-05,,,,,127.12566158781074,49706.133680834
train_step,full,4,392,0.000666,1.0320781032078104e-05,,,,,127.11182210846265,49827.834266517355
train_step,full,4,393,0.000542,1.0292887029288702e-05,,,,,127.13618956438488,49964.52249880326
train_step,full,4,394,0.206575,1.0264993026499304e-05,,,,,127.12868056660831,50088.700143243674
train_step,full,4,395,0.000551,1.0237099023709902e-05,,,,,127.0975551674869,50203.534291157324
train_step,full,4,396,0.147842,1.0209205020920503e-05,,,,,127.06112430720506,50316.205225653204
train_step,full,4,397,0.000627,1.0181311018131103e-05,,,,,127.08134575896383,50451.29426630864
train_step,full,4,398,0.001066,1.0153417015341703e-05,,,,,127.072002520876,50574.65700330865
train_step,full,4,399,0.000681,1.0125523012552303e-05,,,,,127.05280528052805,50694.069306930694
train_step,full,4,400,0.200319,1.00976290097629e-05,,,,,127.00054867534097,50800.219470136384
train_step,full,4,401,0.000668,1.0069735006973502e-05,,,,,127.05754495699766,50950.07552775606
train_step,full,4,402,0.000685,1.00418410041841e-05,,,,,127.04718452659492,51072.96817969115
train_step,full,4,403,0.00065,1.0013947001394702e-05,,,,,127.09872413256574,51220.78582542399
train_step,full,4,404,0.000778,9.986052998605302e-06,,,,,127.0658078534844,51334.586372807695
train_step,full,4,405,0.000991,9.958158995815901e-06,,,,,127.05844557981112,51458.6704598235
train_step,full,4,406,0.00087,9.930264993026501e-06,,,,,127.05930501930501,51586.07783783784
train_step,full,4,407,0.000834,9.902370990237101e-06,,,,,127.09297488830688,51726.8407795409
train_step,full,4,408,0.000901,9.874476987447699e-06,,,,,127.06946365452589,51844.341171046566
train_step,full,4,409,0.000949,9.846582984658299e-06,,,,,127.03288364249579,51956.44940978078
train_step,full,4,410,0.000748,9.818688981868899e-06,,,,,127.06790029056431,52097.839119131364
train_step,full,4,411,0.001003,9.790794979079498e-06,,,,,127.06613272311213,52224.18054919909
train_step,full,4,412,0.000723,9.762900976290098e-06,,,,,127.08788616648911,52360.209100593514
train_step,full,4,413,0.000708,9.735006973500698e-06,,,,,127.20730226203128,52536.615834218916
train_step,full,4,414,0.000797,9.707112970711298e-06,,,,,127.19710737543541,52659.602453430256
train_step,full,4,415,0.000709,9.679218967921897e-06,,,,,127.20531802387067,52790.20697990633
train_step,full,4,416,0.00081,9.651324965132497e-06,,,,,127.23044461190656,52927.86495855313
train_step,full,4,417,0.000649,9.623430962343097e-06,,,,,127.17192903322808,53030.69440685611
train_step,full,4,418,0.000628,9.595536959553697e-06,,,,,127.18554072296385,53163.55602219889
train_step,full,4,419,0.000965,9.567642956764297e-06,,,,,127.20799042346252,53300.1479874308
train_step,full,4,420,0.000682,9.539748953974896e-06,,,,,127.24108075832214,53441.2539184953
train_step,full,4,421,0.001002,9.511854951185496e-06,,,,,127.25644080416977,53574.96157855547
train_step,full,4,422,0.000667,9.483960948396096e-06,,,,,127.25449413162977,53701.396523547766
train_step,full,4,423,0.224322,9.456066945606696e-06,,,,,127.17496665184527,53795.01089373055
train_step,full,4,424,0.107151,9.428172942817295e-06,,,,,127.15436936270886,53913.45260978856
train_step,full,4,425,0.00068,9.400278940027895e-06,,,,,127.15134975660126,54039.32364655554
train_step,full,4,426,0.000762,9.372384937238495e-06,,,,,127.12862398822664,54156.793818984544
train_step,full,4,427,0.24317,9.344490934449095e-06,,,,,127.08934077228014,54267.14850976362
train_step,full,4,428,0.000936,9.316596931659695e-06,,,,,127.13043796689615,54411.82744983155
train_step,full,4,429,0.001068,9.288702928870293e-06,,,,,127.08249305860004,54518.38952213941
train_step,full,4,430,0.003748,9.260808926080892e-06,,,,,127.17254701851581,54684.1952179618
train_step,full,4,431,0.001458,9.232914923291492e-06,,,,,127.16923636363636,54809.94087272727
train_step,full,4,432,0.05472,9.205020920502092e-06,,,,,127.11377158612683,54913.14932520679
train_step,full,4,433,0.001361,9.177126917712692e-06,,,,,127.07716809034314,55024.41378311858
train_step,full,4,434,0.005236,9.149232914923292e-06,,,,,127.11086234291493,55166.11425682508
train_step,full,4,435,0.001325,9.121338912133893e-06,,,,,127.11312869289523,55294.21098140942
train_step,full,4,436,0.00221,9.093444909344493e-06,,,,,127.09741193386053,55414.47160316319
train_step,full,4,437,0.057787,9.065550906555093e-06,,,,,127.10687132405681,55545.70276861283
train_step,full,4,438,0.001785,9.03765690376569e-06,,,,,127.10848719049663,55673.517389437526
train_step,full,4,439,0.001481,9.00976290097629e-06,,,,,127.09845780379837,55796.22297586748
train_step,full,4,440,0.001961,8.98186889818689e-06,,,,,127.1048582419148,55926.13762644251
train_step,full,4,441,0.001571,8.95397489539749e-06,,,,,127.10234541577825,56052.1343283582
train_step,full,4,442,0.001384,8.92608089260809e-06,,,,,127.13842008225784,56195.18167635796
train_step,full,4,443,0.001417,8.89818688981869e-06,,,,,127.07740200933918,56295.28909013726
train_step,full,4,444,0.001421,8.87029288702929e-06,,,,,127.01990681914442,56396.83862770013
train_step,full,4,445,0.001372,8.842398884239889e-06,,,,,126.97858853359628,56505.47189745034
train_step,full,4,446,0.001303,8.814504881450489e-06,,,,,126.98348559381589,56634.63457484188
train_step,full,4,447,0.001223,8.786610878661089e-06,,,,,126.9741270509045,56757.43479175431
train_step,full,4,448,0.001317,8.758716875871688e-06,,,,,127.00685602350637,56899.07149853086
train_step,full,4,449,0.001186,8.730822873082288e-06,,,,,127.02554795476756,57034.471031690635
train_step,full,4,450,0.001237,8.702928870292888e-06,,,,,127.0704833542276,57181.71750940242
train_step,full,4,451,0.001189,8.675034867503488e-06,,,,,127.1141765114663,57328.4936066713
train_step,full,4,452,0.001217,8.647140864714088e-06,,,,,127.11295243378173,57455.05450006934
train_step,full,4,453,0.001015,8.619246861924687e-06,,,,,127.11249481112495,57581.9601494396
train_step,full,4,454,0.007413,8.591352859135287e-06,,,,,127.17962170371393,57739.54825348613
train_step,full,4,455,0.001027,8.563458856345887e-06,,,,,127.17543738806998,57864.82401157184
train_step,full,4,456,0.00119,8.535564853556487e-06,,,,,127.15938144329897,57984.67793814433
train_step,full,4,457,0.00109,8.507670850767086e-06,,,,,127.16156905774243,58112.83705938829
train_step,full,4,458,0.001007,8.479776847977686e-06,,,,,127.15690433830574,58237.862186944025
train_step,full,4,459,0.001019,8.451882845188284e-06,,,,,127.17144612863581,58371.69377304384
train_step,full,4,460,0.00114,8.423988842398884e-06,,,,,127.14491075078348,58486.6589453604
train_step,full,4,461,0.000895,8.396094839609484e-06,,,,,127.10489462950373,58595.35642420122
train_step,full,4,462,0.000971,8.368200836820084e-06,,,,,127.05501288834623,58699.415954415956
train_step,full,4,463,0.11206,8.340306834030683e-06,,,,,127.06328685528631,58830.30181399756
train_step,full,4,464,0.000814,8.312412831241283e-06,,,,,127.09435364041605,58971.78008915304
train_step,full,4,465,0.000812,8.284518828451885e-06,,,,,127.11814260682033,59109.936312171456
train_step,full,4,466,0.076095,8.256624825662484e-06,,,,,127.0728984532616,59215.97067921991
train_step,full,4,467,0.000838,8.228730822873084e-06,,,,,127.08871292443968,59350.42893571333
train_step,full,4,468,0.000784,8.200836820083682e-06,,,,,127.13204767644302,59497.79831257534
train_step,full,4,469,0.000866,8.172942817294282e-06,,,,,127.12956033676333,59623.763797942
train_step,full,4,470,0.000819,8.145048814504882e-06,,,,,127.13541805574077,59753.646486198166
train_step,full,4,471,0.000778,8.117154811715482e-06,,,,,127.1375249500998,59881.77425149701
train_step,full,4,472,0.003774,8.089260808926081e-06,,,,,127.1424113663524,60011.21816491833
train_step,full,4,473,0.000842,8.061366806136681e-06,,,,,127.10480985822181,60120.575062938915
train_step,full,4,474,0.000821,8.033472803347281e-06,,,,,127.11688483406056,60253.403411344705
train_step,full,4,475,0.000734,8.00557880055788e-06,,,,,127.0913049214936,60368.36983770946
train_step,full,4,476,0.000833,7.97768479776848e-06,,,,,127.05194206714944,60476.72442396313
train_step,full,4,477,0.000807,7.94979079497908e-06,,,,,127.11752726317172,60635.060504532914
train_step,full,4,478,0.001406,7.92189679218968e-06,,,,,127.08843582011276,60748.2723220139
train_step,full,4,479,0.000906,7.89400278940028e-06,,,,,127.10558681146146,60883.576082690044
train_step,full,4,480,0.000763,7.86610878661088e-06,,,,,127.08878443661052,61002.61652957305
train_step,full,4,481,0.000727,7.83821478382148e-06,,,,,127.08514657980456,61127.95550488599
train_step,full,4,482,0.000758,7.810320781032079e-06,,,,,127.09101547263035,61257.86945780783
train_step,full,4,483,0.00075,7.782426778242679e-06,,,,,127.11483067341378,61396.46321525885
train_step,full,4,484,0.000805,7.754532775453279e-06,,,,,127.15110708273987,61541.1358280461
train_step,full,4,485,0.000684,7.726638772663878e-06,,,,,127.17948055304304,61682.04806822587
train_step,full,4,486,0.005064,7.698744769874478e-06,,,,,127.21528046421663,61826.62630560929
train_step,full,4,487,0.000698,7.670850767085078e-06,,,,,127.22378072320164,61957.9812121992
train_step,full,4,488,0.000649,7.642956764295678e-06,,,,,127.19686657249261,62072.070887376394
train_step,full,4,489,0.000654,7.615062761506277e-06,,,,,127.1965269768038,62199.10169165706
train_step,full,4,490,0.000638,7.5871687587168765e-06,,,,,127.21287888476787,62334.31065353626
train_step,full,4,491,0.000803,7.559274755927476e-06,,,,,127.18806636885769,62449.34058710912
train_step,full,4,492,0.001088,7.531380753138075e-06,,,,,127.18895682078715,62576.96675582728
train_step,full,4,493,0.000594,7.503486750348675e-06,,,,,127.22950298716157,62724.144972670656
train_step,full,4,494,0.000581,7.475592747559275e-06,,,,,127.20493466954206,62839.237726753774
train_step,full,4,495,0.000647,7.4476987447698746e-06,,,,,127.2067983289024,62967.36517280668
train_step,full,4,496,0.000589,7.419804741980475e-06,,,,,127.2049905243209,63093.67530006317
train_step,full,4,497,0.000637,7.391910739191075e-06,,,,,127.26156852855883,63248.99955869374
train_step,full,4,498,0.000592,7.364016736401675e-06,,,,,127.30250408959355,63396.64703661759
train_step,full,4,499,0.000631,7.3361227336122745e-06,,,,,127.29756373226171,63521.48430239859
train_step,full,4,500,0.000548,7.3082287308228735e-06,,,,,127.30417345532021,63652.086727660106
train_step,full,4,501,0.000589,7.280334728033473e-06,,,,,127.23996247654784,63747.22120075047
train_step,full,4,502,0.000552,7.252440725244073e-06,,,,,127.2484084383972,63878.7010360754
train_step,full,4,503,0.000608,7.224546722454673e-06,,,,,127.24131057680329,64002.379220132054
train_step,full,4,504,0.000551,7.1966527196652726e-06,,,,,127.26936466492602,64143.75979112271
train_step,full,4,505,0.003522,7.168758716875872e-06,,,,,127.3004715225214,64286.73811887331
train_step,full,4,506,0.000553,7.140864714086472e-06,,,,,127.28625386996904,64406.84445820434
train_step,full,4,507,0.000581,7.112970711297071e-06,,,,,127.24144110740329,64511.41064145347
train_step,full,4,508,0.00068,7.085076708507671e-06,,,,,127.2079012345679,64621.613827160494
epoch_end,full,4,508,0.012624,7.085076708507671e-06,0.9888888340189335,0.9888888888888889,0.9888888340189333,0.9888888888888889,127.2079012345679,64621.613827160494
train_step,full,5,509,0.000553,7.057182705718271e-06,,,,,127.23687777230163,64763.570786101525
train_step,full,5,510,0.000542,7.02928870292887e-06,,,,,127.25122970978849,64898.12715199213
train_step,full,5,511,0.000516,7.001394700139471e-06,,,,,127.24214531173294,65020.73625429553
train_step,full,5,512,0.000542,6.973500697350071e-06,,,,,127.22709456148947,65140.27241548261
train_step,full,5,513,0.009219,6.9456066945606706e-06,,,,,127.22585574572128,65266.86399755502
train_step,full,5,514,0.000511,6.91771269177127e-06,,,,,127.21839921913129,65390.25719863348
train_step,full,5,515,0.000528,6.889818688981869e-06,,,,,127.2168168533853,65516.66067949343
train_step,full,5,516,0.000582,6.861924686192469e-06,,,,,127.22289742343219,65647.015070491
train_step,full,5,517,0.000514,6.834030683403069e-06,,,,,127.2402353226589,65783.20166181466
train_step,full,5,518,0.000533,6.806136680613669e-06,,,,,127.25520581113801,65918.19661016949
train_step,full,5,519,0.000509,6.778242677824268e-06,,,,,127.24268970517159,66038.95595698405
train_step,full,5,520,0.000472,6.750348675034868e-06,,,,,127.2660998552822,66178.37192474675
train_step,full,5,521,0.000484,6.722454672245468e-06,,,,,127.25674049109293,66300.76179585942
train_step,full,5,522,0.000545,6.694560669456067e-06,,,,,127.29985583853916,66450.52474771744
train_step,full,5,523,0.000491,6.666666666666667e-06,,,,,127.27937649880096,66567.1139088729
train_step,full,5,524,0.000459,6.6387726638772664e-06,,,,,127.32455720440402,66718.06797510771
train_step,full,5,525,0.000459,6.610878661087866e-06,,,,,127.30375059722886,66834.46906354516
train_step,full,5,526,0.000444,6.582984658298467e-06,,,,,127.28034096328088,66949.45934668575
train_step,full,5,527,0.000448,6.555090655509067e-06,,,,,127.30598524512138,67090.25422417896
train_step,full,5,528,0.000478,6.527196652719666e-06,,,,,127.27642517814726,67201.95249406176
train_step,full,5,529,0.00049,6.499302649930266e-06,,,,,127.2639876718824,67322.6494784258
train_step,full,5,530,0.000477,6.471408647140865e-06,,,,,127.25508755324184,67445.19640321817
train_step,full,5,531,0.000494,6.443514644351465e-06,,,,,127.23334907888521,67560.90836088805
train_step,full,5,532,0.000524,6.415620641562065e-06,,,,,127.22371522866572,67683.01650165017
train_step,full,5,533,0.000462,6.3877266387726644e-06,,,,,127.27352941176471,67836.7911764706
train_step,full,5,534,0.000467,6.359832635983264e-06,,,,,127.32597463597934,67992.07045561296
train_step,full,5,535,0.000438,6.331938633193864e-06,,,,,127.33954524144397,68126.65670417252
train_step,full,5,536,0.000769,6.304044630404464e-06,,,,,127.30650444548432,68236.2863827796
train_step,full,5,537,0.002379,6.276150627615063e-06,,,,,127.30365483418963,68362.06264595983
train_step,full,5,538,0.000435,6.2482566248256625e-06,,,,,127.34889277389277,68513.70431235431
train_step,full,5,539,0.000432,6.220362622036262e-06,,,,,127.37116100511867,68653.05578175896
train_step,full,5,540,0.000409,6.192468619246862e-06,,,,,127.35996284254529,68774.37993497445
train_step,full,5,541,0.000428,6.164574616457463e-06,,,,,127.38450394065832,68915.01663189616
train_step,full,5,542,0.000453,6.1366806136680624e-06,,,,,127.39096483109671,69045.90293845441
train_step,full,5,543,0.000418,6.108786610878662e-06,,,,,127.43493071593534,69197.16737875289
train_step,full,5,544,0.000455,6.080892608089262e-06,,,,,127.45994698017519,69338.21115721531
train_step,full,5,545,0.2337,6.052998605299861e-06,,,,,127.44483433041877,69457.43471007823
train_step,full,5,546,0.000433,6.025104602510461e-06,,,,,127.42679145613229,69575.02813504823
train_step,full,5,547,0.000442,5.9972105997210605e-06,,,,,127.37385373681798,69673.49799403944
train_step,full,5,548,0.000514,5.96931659693166e-06,,,,,127.37156750572082,69799.61899313501
train_step,full,5,549,0.00051,5.94142259414226e-06,,,,,127.4122316126085,69949.31515532207
train_step,full,5,550,0.000481,5.91352859135286e-06,,,,,127.3686160510716,70052.73882808938
train_step,full,5,551,0.000523,5.885634588563459e-06,,,,,127.40481338188438,70200.0521734183
train_step,full,5,552,0.000524,5.8577405857740585e-06,,,,,127.41055202180827,70330.62471603816
train_step,full,5,553,0.000559,5.829846582984658e-06,,,,,127.43344671201814,70470.69603174603
train_step,full,5,554,0.000581,5.801952580195258e-06,,,,,127.40419873245813,70581.9260977818
train_step,full,5,555,0.000597,5.774058577405858e-06,,,,,127.37895390872119,70695.31941934026
train_step,full,5,556,0.000615,5.746164574616458e-06,,,,,127.40646143437077,70837.99255751015
train_step,full,5,557,0.0006,5.718270571827058e-06,,,,,127.40798063935165,70966.24521611887
train_step,full,5,558,0.000675,5.690376569037658e-06,,,,,127.3655617977528,71069.98348314606
train_step,full,5,559,0.000663,5.662482566248258e-06,,,,,127.33069762225213,71177.85997083894
train_step,full,5,560,0.000567,5.634588563458857e-06,,,,,127.34600313479623,71313.76175548589
train_step,full,5,561,0.000716,5.6066945606694565e-06,,,,,127.3557219490389,71446.56001341082
train_step,full,5,562,0.000547,5.578800557880056e-06,,,,,127.34510263275324,71567.94767960731
train_step,full,5,563,0.000606,5.550906555090656e-06,,,,,127.37889755011136,71714.31932071269
train_step,full,5,564,0.000653,5.523012552301256e-06,,,,,127.41757447754557,71863.5120053357
train_step,full,5,565,0.000576,5.495118549511856e-06,,,,,127.39020195295161,71975.46410341766
train_step,full,5,566,0.00065,5.4672245467224546e-06,,,,,127.37882144439521,72096.4129375277
train_step,full,5,567,0.000663,5.439330543933054e-06,,,,,127.3939628482972,72232.37693498451
train_step,full,5,568,0.000619,5.411436541143654e-06,,,,,127.41666666666667,72372.66666666667
train_step,full,5,569,0.212814,5.383542538354254e-06,,,,,127.40640149845747,72494.2424526223
train_step,full,5,570,0.000605,5.355648535564854e-06,,,,,127.45485041794984,72649.26473823142
train_step,full,5,571,0.000681,5.3277545327754534e-06,,,,,127.41139657444005,72751.90744400526
train_step,full,5,572,0.000665,5.299860529986054e-06,,,,,127.38864533099517,72866.30512932924
train_step,full,5,573,0.000707,5.271966527196654e-06,,,,,127.40804157549235,73004.80782275711
train_step,full,5,574,0.000593,5.244072524407254e-06,,,,,127.43299475753604,73146.53899082569
train_step,full,5,575,0.000738,5.2161785216178526e-06,,,,,127.42547972088967,73269.65083951155
train_step,full,5,576,0.000695,5.188284518828452e-06,,,,,127.44944492816717,73410.88027862429
train_step,full,5,577,0.000717,5.160390516039052e-06,,,,,127.4554541503694,73541.79704476315
train_step,full,5,578,0.000667,5.132496513249652e-06,,,,,127.48074837310195,73683.87255965293
train_step,full,5,579,0.000782,5.104602510460252e-06,,,,,127.47179514941533,73806.16939151147
train_step,full,5,580,0.000676,5.0767085076708514e-06,,,,,127.4931906614786,73946.05058365759
train_step,full,5,581,0.000623,5.04881450488145e-06,,,,,127.48645878290894,74069.6325528701
train_step,full,5,582,0.000736,5.02092050209205e-06,,,,,127.50382378285222,74207.22544161999
train_step,full,5,583,0.000747,4.993026499302651e-06,,,,,127.52037634408602,74344.37940860215
train_step,full,5,584,0.000805,4.9651324965132506e-06,,,,,127.55232932589094,74490.56032632031
train_step,full,5,585,0.000692,4.9372384937238495e-06,,,,,127.57715387912559,74632.63501928847
train_step,full,5,586,0.000759,4.909344490934449e-06,,,,,127.55675010697476,74748.2555626872
train_step,full,5,587,0.00071,4.881450488145049e-06,,,,,127.5398868005126,74865.9135519009
train_step,full,5,588,0.000755,4.853556485355649e-06,,,,,127.5045842217484,74972.69552238807
train_step,full,5,589,0.000731,4.825662482566249e-06,,,,,127.47307364836101,75081.64037888464
train_step,full,5,590,0.155573,4.797768479776848e-06,,,,,127.4643540161496,75203.96886952827
train_step,full,5,591,0.000621,4.769874476987448e-06,,,,,127.47714255409419,75338.99124946966
train_step,full,5,592,0.000611,4.741980474198048e-06,,,,,127.45558026260059,75453.70351545955
train_step,full,5,593,0.000992,4.714086471408648e-06,,,,,127.40211416490486,75549.45369978859
train_step,full,5,594,0.000751,4.6861924686192475e-06,,,,,127.391146053187,75670.34075559308
train_step,full,5,595,0.000667,4.658298465829847e-06,,,,,127.38179519595448,75792.16814159292
train_step,full,5,596,0.000611,4.630404463040446e-06,,,,,127.42974337400084,75948.1270509045
train_step,full,5,597,0.000655,4.602510460251046e-06,,,,,127.45485090298195,76090.54598908022
train_step,full,5,598,0.000597,4.574616457461646e-06,,,,,127.4312893081761,76203.91100628932
train_step,full,5,599,0.000534,4.546722454672246e-06,,,,,127.44118878191712,76337.27208036835
train_step,full,5,600,0.110528,4.518828451882845e-06,,,,,127.43559339740911,76461.35603844546
train_step,full,5,601,0.000612,4.490934449093445e-06,,,,,127.4124947851481,76574.909365874
train_step,full,5,602,0.000575,4.463040446304045e-06,,,,,127.43523531861725,76716.01166180758
train_step,full,5,603,0.000742,4.435146443514645e-06,,,,,127.41117463617464,76828.93830561331
train_step,full,5,604,0.0006,4.407252440725244e-06,,,,,127.38895807388958,76942.9306766293
train_step,full,5,605,0.000593,4.379358437935844e-06,,,,,127.3872772482387,77069.30273518442
train_step,full,5,606,0.014127,4.351464435146444e-06,,,,,127.39098055440628,77198.9342159702
train_step,full,5,607,0.000563,4.323570432357044e-06,,,,,127.38289962825279,77321.42007434944
train_step,full,5,608,0.000678,4.2956764295676435e-06,,,,,127.35458762886599,77431.58927835053
train_step,full,5,609,0.000614,4.267782426778243e-06,,,,,127.33413956360643,77546.49099423632
train_step,full,5,610,0.00054,4.239888423988843e-06,,,,,127.35383271681052,77685.8379572544
train_step,full,5,611,0.000566,4.211994421199442e-06,,,,,127.30272876487484,77781.96727533852
train_step,full,5,612,0.000508,4.184100418410042e-06,,,,,127.27376075378943,77891.54158131914
train_step,full,5,613,0.000569,4.1562064156206416e-06,,,,,127.23251533742331,77993.53190184048
train_step,full,5,614,0.000517,4.128312412831242e-06,,,,,127.24938750510412,78131.12392813394
train_step,full,5,615,0.000488,4.100418410041841e-06,,,,,127.24862413371382,78257.903842234
train_step,full,5,616,0.000571,4.072524407252441e-06,,,,,127.23784086284087,78378.50997150998
train_step,full,5,617,0.000582,4.044630404463041e-06,,,,,127.24847622917513,78512.30983340106
train_step,full,5,618,0.00048,4.0167364016736405e-06,,,,,127.24690669371196,78638.58833671399
train_step,full,5,619,0.000459,3.98884239888424e-06,,,,,127.27657958687728,78784.20276427704
train_step,full,5,620,0.000529,3.96094839609484e-06,,,,,127.23953699959563,78888.51293974929
train_step,full,5,621,0.000505,3.93305439330544e-06,,,,,127.21482640290674,79000.40719620508
train_step,full,5,622,0.000493,3.9051603905160396e-06,,,,,127.22233978234583,79132.29534461911
train_step,full,5,623,0.000596,3.877266387726639e-06,,,,,127.23807847082495,79269.32288732394
train_step,full,5,624,0.0005,3.849372384937239e-06,,,,,127.23749497790277,79396.19686621134
train_step,full,5,625,0.000501,3.821478382147839e-06,,,,,127.2205174488568,79512.8234055355
train_step,full,5,626,0.000431,3.7935843793584383e-06,,,,,127.21560873047657,79636.97106527834
train_step,full,5,627,0.000486,3.7656903765690376e-06,,,,,127.23055777688924,79773.55972610955
train_step,full,5,628,0.00054,3.7377963737796374e-06,,,,,127.22175648702594,79895.26307385229
train_step,full,5,629,0.000539,3.7099023709902376e-06,,,,,127.21522518931846,80018.3766440813
train_step,full,5,630,0.00064,3.6820083682008374e-06,,,,,127.20985873458018,80142.21100278551
train_step,full,5,631,0.000682,3.6541143654114367e-06,,,,,127.1707389749702,80244.7362932062
train_step,full,5,632,0.000455,3.6262203626220365e-06,,,,,127.18251685838953,80379.35065450218
train_step,full,5,633,0.000455,3.5983263598326363e-06,,,,,127.18559405940594,80508.48103960397
train_step,full,5,634,0.000471,3.570432357043236e-06,,,,,127.19701463028865,80642.90727560301
train_step,full,5,635,0.000501,3.5425383542538354e-06,,,,,127.2079012345679,80777.01728395061
epoch_end,full,5,635,0.006355,3.5425383542538354e-06,0.9822208174473044,0.9822222222222222,0.9822208174473044,0.9822222222222222,127.2079012345679,80777.01728395061
train_step,full,6,636,0.000442,3.514644351464435e-06,,,,,127.24612957302041,80928.53840844099
train_step,full,6,637,0.000445,3.4867503486750354e-06,,,,,127.2184207935414,81038.13404548587
train_step,full,6,638,0.000456,3.458856345885635e-06,,,,,127.20623218323011,81157.57613290081
train_step,full,6,639,0.000435,3.4309623430962345e-06,,,,,127.20114829718324,81281.5337619001
train_step,full,6,640,0.000442,3.4030683403068343e-06,,,,,127.23988241058305,81433.52474277315
train_step,full,6,641,0.000469,3.375174337517434e-06,,,,,127.2447412190588,81563.87912141668
train_step,full,6,642,0.000479,3.3472803347280334e-06,,,,,127.22648236788122,81679.40168017974
train_step,full,6,643,0.00046,3.3193863319386332e-06,,,,,127.2291036769726,81808.31366429338
train_step,full,6,644,0.000434,3.2914923291492334e-06,,,,,127.22436459246275,81932.49079754601
train_step,full,6,645,0.000461,3.263598326359833e-06,,,,,127.17783179387457,82029.7015070491
train_step,full,6,646,0.000458,3.2357043235704325e-06,,,,,127.17017765265508,82151.93476361518
train_step,full,6,647,0.000528,3.2078103207810323e-06,,,,,127.16511582824465,82275.82994087429
train_step,full,6,648,0.000462,3.179916317991632e-06,,,,,127.14942417497339,82392.82686538275
train_step,full,6,649,0.000445,3.152022315202232e-06,,,,,127.18166006377427,82540.8973813895
train_step,full,6,650,0.000466,3.1241283124128312e-06,,,,,127.18335745296672,82669.18234442837
train_step,full,6,651,0.000454,3.096234309623431e-06,,,,,127.19497158269917,82803.92650033715
train_step,full,6,652,0.000463,3.0683403068340312e-06,,,,,127.23006636529769,82954.00327017409
train_step,full,6,653,0.000442,3.040446304044631e-06,,,,,127.18789013732834,83053.6922596754
train_step,full,6,654,0.000433,3.0125523012552303e-06,,,,,127.18736216319877,83180.534854732
train_step,full,6,655,0.000468,2.98465829846583e-06,,,,,127.17635232168502,83300.51077070368
train_step,full,6,656,0.000399,2.95676429567643e-06,,,,,127.19783003536946,83441.77650320237
train_step,full,6,657,0.000451,2.9288702928870293e-06,,,,,127.22091247494512,83584.13949603894
train_step,full,6,658,0.000477,2.900976290097629e-06,,,,,127.24797484036976,83729.1674449633
train_step,full,6,659,0.000428,2.873082287308229e-06,,,,,127.24464744504711,83854.22266628605
train_step,full,6,660,0.000456,2.845188284518829e-06,,,,,127.23087885985748,83972.38004750594
train_step,full,6,661,0.000454,2.8172942817294284e-06,,,,,127.20676406413054,84083.67104639029
train_step,full,6,662,0.000418,2.789400278940028e-06,,,,,127.21005020365634,84213.0532348205
train_step,full,6,663,0.000463,2.761506276150628e-06,,,,,127.25607679939469,84370.77891799869
train_step,full,6,664,0.000424,2.7336122733612273e-06,,,,,127.24530172820852,84490.88034753046
train_step,full,6,665,0.000422,2.705718270571827e-06,,,,,127.25926449787836,84627.41089108911
train_step,full,6,666,0.000475,2.677824267782427e-06,,,,,127.25058845683081,84748.89191224932
train_step,full,6,667,0.000457,2.649930264993027e-06,,,,,127.23639183980445,84866.67335714957
train_step,full,6,668,0.000487,2.622036262203627e-06,,,,,127.212710034732,84978.09030320098
train_step,full,6,669,0.000398,2.594142259414226e-06,,,,,127.24111913019027,85124.30869809729
train_step,full,6,670,0.000428,2.566248256624826e-06,,,,,127.25517080018717,85260.9644361254
train_step,full,6,671,0.000389,2.5383542538354257e-06,,,,,127.26291935333147,85393.41888608542
train_step,full,6,672,0.000471,2.510460251046025e-06,,,,,127.25702155453952,85516.71848465056
train_step,full,6,673,0.000422,2.4825662482566253e-06,,,,,127.25184011925836,85640.48840026087
train_step,full,6,674,0.000405,2.4546722454672246e-06,,,,,127.26946692715602,85779.62070890315
train_step,full,6,675,0.000415,2.4267782426778244e-06,,,,,127.27417556897352,85910.06850905712
train_step,full,6,676,0.000446,2.398884239888424e-06,,,,,127.26639458306279,86032.08273815045
train_step,full,6,677,0.000414,2.370990237099024e-06,,,,,127.26150782624804,86156.04079836993
train_step,full,6,678,0.000377,2.3430962343096237e-06,,,,,127.26347914547304,86284.63886063072
train_step,full,6,679,0.000443,2.315202231520223e-06,,,,,127.25898051528304,86408.84776987719
train_step,full,6,680,0.00042,2.287308228730823e-06,,,,,127.24167819271554,86524.34117104657
train_step,full,6,681,0.00041,2.2594142259414227e-06,,,,,127.30259644599944,86693.06817972563
train_step,full,6,682,0.000431,2.2315202231520224e-06,,,,,127.31226441114278,86826.96432839938
train_step,full,6,683,0.00047,2.203626220362622e-06,,,,,127.29665840447994,86943.6176902598
train_step,full,6,684,0.00041,2.175732217573222e-06,,,,,127.26482720689339,87049.14180951507
train_step,full,6,685,0.000381,2.1478382147838218e-06,,,,,127.28668192219679,87191.3771167048
train_step,full,6,686,0.000364,2.1199442119944215e-06,,,,,127.25221643359839,87295.0204734485
train_step,full,6,687,0.00038,2.092050209205021e-06,,,,,127.22880350460892,87406.18800766632
train_step,full,6,688,0.000411,2.064156206415621e-06,,,,,127.24305112548984,87543.219174337
train_step,full,6,689,0.000341,2.0362622036262205e-06,,,,,127.27937027937028,87695.48612248612
train_step,full,6,690,0.0004,2.0083682008368202e-06,,,,,127.24543389368469,87799.34938664244
train_step,full,6,691,0.000392,1.98047419804742e-06,,,,,127.25378822248435,87932.36766173669
train_step,full,6,692,0.00041,1.9525801952580198e-06,,,,,127.27303615112803,88072.94101658059
train_step,full,6,693,0.000458,1.9246861924686196e-06,,,,,127.30566362073645,88222.82488917036
train_step,full,6,694,0.000398,1.8967921896792191e-06,,,,,127.29284488210317,88341.2343481796
train_step,full,6,695,0.000386,1.8688981868898187e-06,,,,,127.30469102390617,88476.76026161479
train_step,full,6,696,0.000377,1.8410041841004187e-06,,,,,127.31402576344473,88610.56193135753
train_step,full,6,697,0.000381,1.8131101813110183e-06,,,,,127.34154897904111,88757.05963839166
train_step,full,6,698,0.000412,1.785216178521618e-06,,,,,127.36032515943592,88897.50696128627
train_step,full,6,699,0.000392,1.7573221757322176e-06,,,,,127.36850838640237,89030.58736209526
train_step,full,6,700,0.000396,1.7294281729428176e-06,,,,,127.41312136139722,89189.18495297804
train_step,full,6,701,0.000368,1.7015341701534172e-06,,,,,127.43077542259189,89328.97357123691
train_step,full,6,702,0.000402,1.6736401673640167e-06,,,,,127.4398053049924,89462.74332410467
train_step,full,6,703,0.000427,1.6457461645746167e-06,,,,,127.42580041023811,89580.3376883974
train_step,full,6,704,0.000357,1.6178521617852163e-06,,,,,127.44371716092262,89720.37688128953
train_step,full,6,705,0.000386,1.589958158995816e-06,,,,,127.43152512227657,89839.22521120498
train_step,full,6,706,0.000411,1.5620641562064156e-06,,,,,127.44010301038985,89972.71272533524
train_step,full,6,707,0.000419,1.5341701534170156e-06,,,,,127.41886139930833,90085.135009311
train_step,full,6,708,0.000378,1.5062761506276152e-06,,,,,127.42397945630036,90216.17745506065
train_step,full,6,709,0.000376,1.478382147838215e-06,,,,,127.43124944734282,90348.75585816606
train_step,full,6,710,0.000373,1.4504881450488145e-06,,,,,127.4160706401766,90465.41015452538
train_step,full,6,711,0.000363,1.4225941422594145e-06,,,,,127.44638920730094,90614.38272639096
train_step,full,6,712,0.00041,1.394700139470014e-06,,,,,127.43581051333979,90734.29708549794
train_step,full,6,713,0.000484,1.3668061366806136e-06,,,,,127.42789941088543,90856.09227996132
train_step,full,6,714,0.000363,1.3389121338912134e-06,,,,,127.42611291597156,90982.2446220037
train_step,full,6,715,0.000393,1.3110181311018134e-06,,,,,127.45330995177554,91129.11661551951
train_step,full,6,716,0.000352,1.283124128312413e-06,,,,,127.46143069783732,91262.38437965151
train_step,full,6,717,0.000363,1.2552301255230125e-06,,,,,127.48915799597796,91409.7262831162
train_step,full,6,718,0.000345,1.2273361227336123e-06,,,,,127.4946302278879,91541.14450362351
train_step,full,6,719,0.000387,1.199442119944212e-06,,,,,127.52184148574418,91688.20402825007
train_step,full,6,720,0.000421,1.1715481171548119e-06,,,,,127.52633870265564,91818.96386591205
train_step,full,6,721,0.00036,1.1436541143654114e-06,,,,,127.54017041996349,91956.46287279368
train_step,full,6,722,0.000536,1.1157601115760112e-06,,,,,127.52031779109143,92069.66944516801
train_step,full,6,723,0.000393,1.087866108786611e-06,,,,,127.51773172635048,92195.32003815139
train_step,full,6,724,0.000404,1.0599721059972108e-06,,,,,127.50233786475019,92311.69261407913
train_step,full,6,725,0.000382,1.0320781032078105e-06,,,,,127.45443147427584,92404.46281884998
train_step,full,6,726,0.000388,1.0041841004184101e-06,,,,,127.44633451342716,92526.03885674811
train_step,full,6,727,0.000366,9.762900976290099e-07,,,,,127.46602569630076,92667.80068121065
train_step,full,6,728,0.000365,9.483960948396096e-07,,,,,127.46379057952295,92793.63954189271
train_step,full,6,729,0.000363,9.205020920502093e-07,,,,,127.45395132857512,92913.93051853126
train_step,full,6,730,0.000383,8.92608089260809e-07,,,,,127.43271790468012,93025.88407041649
train_step,full,6,731,0.000379,8.647140864714088e-07,,,,,127.44858931481005,93164.91878912615
train_step,full,6,732,0.000414,8.368200836820084e-07,,,,,127.4892095572493,93322.10139590649
train_step,full,6,733,0.000394,8.089260808926081e-07,,,,,127.4942273154879,93453.26862225264
train_step,full,6,734,0.00036,7.810320781032078e-07,,,,,127.47779485865574,93568.70142625332
train_step,full,6,735,0.000398,7.531380753138076e-07,,,,,127.46413646055437,93686.14029850747
train_step,full,6,736,0.000392,7.252440725244073e-07,,,,,127.43488629588622,93792.07631377225
train_step,full,6,737,0.000363,6.97350069735007e-07,,,,,127.41800629412265,93907.07063876839
train_step,full,6,738,0.000361,6.694560669456067e-07,,,,,127.44873863925932,94057.16911577337
train_step,full,6,739,0.000376,6.415620641562065e-07,,,,,127.45016540843159,94185.67223683094
train_step,full,6,740,0.000442,6.136680613668062e-07,,,,,127.42363405336722,94293.48919949174
train_step,full,6,741,0.00044,5.857740585774059e-07,,,,,127.40060062600458,94403.84506386939
train_step,full,6,742,0.000381,5.578800557880056e-07,,,,,127.38848525808905,94522.25606150208
train_step,full,6,743,0.000367,5.299860529986054e-07,,,,,127.38319412806884,94645.71323715514
train_step,full,6,744,0.000394,5.020920502092051e-07,,,,,127.35563231948774,94752.59044569888
train_step,full,6,745,0.00042,4.741980474198048e-07,,,,,127.33083718973496,94861.47370635255
train_step,full,6,746,0.000366,4.463040446304045e-07,,,,,127.3274094613898,94986.2474581968
train_step,full,6,747,0.000362,4.184100418410042e-07,,,,,127.30771167240077,95098.86061928338
train_step,full,6,748,0.000358,3.905160390516039e-07,,,,,127.3373837258024,95248.36302690019
train_step,full,6,749,0.14245,3.6262203626220363e-07,,,,,127.32726587998995,95368.12214411248
train_step,full,6,750,0.000364,3.3472803347280335e-07,,,,,127.34174676138738,95506.31007104054
train_step,full,6,751,0.000445,3.068340306834031e-07,,,,,127.32142559051832,95618.39061847926
train_step,full,6,752,0.000392,2.789400278940028e-07,,,,,127.29624072684838,95726.77302658999
train_step,full,6,753,0.000402,2.5104602510460253e-07,,,,,127.29251644052276,95851.26487971364
train_step,full,6,754,0.0004,2.2315202231520225e-07,,,,,127.26864244741874,95960.55640535374
train_step,full,6,755,0.000418,1.9525801952580195e-07,,,,,127.24678289746782,96071.3210875882
train_step,full,6,756,0.000329,1.6736401673640168e-07,,,,,127.25615620595308,96205.65409170052
train_step,full,6,757,0.000362,1.394700139470014e-07,,,,,127.24182330048853,96322.06023846981
train_step,full,6,758,0.230035,1.1157601115760113e-07,,,,,127.25336971801869,96458.05424625817
train_step,full,6,759,0.000366,8.368200836820084e-08,,,,,127.2427533239739,96577.24977289619
train_step,full,6,760,0.000372,5.5788005578800563e-08,,,,,127.22053608247423,96687.6074226804
train_step,full,6,761,0.00038,2.7894002789400282e-08,,,,,127.20051890289103,96799.59488510007
train_step,full,6,762,0.000366,0.0,,,,,127.2079012345679,96932.42074074074
epoch_end,full,6,762,0.003337,0.0,0.9866664032869785,0.9866666666666667,0.9866664032869785,0.9866666666666667,127.2079012345679,96932.42074074074
